{"accuracy": 97.340930674264, "error_rate": 2.6590693257359987, "macro_f1": 97.3536056251572}