{"accuracy": 81.678391959799, "error_rate": 18.321608040201, "macro_f1": 81.42798025813353}