{"accuracy": 97.62583095916429, "error_rate": 2.37416904083571, "macro_f1": 97.5987450721239}