{"accuracy": 94.54761904761905, "error_rate": 5.452380952380949, "macro_f1": 94.53073286226926}