{"accuracy": 95.42796384901648, "error_rate": 4.5720361509835215, "macro_f1": 95.42403747952409}