{"accuracy": 85.57394002068253, "error_rate": 14.426059979317472, "macro_f1": 84.6892082594593}