{"accuracy": 76.0119940029985, "error_rate": 23.988005997001494, "macro_f1": 75.63769154168176}