{"accuracy": 81.48148148148148, "error_rate": 18.51851851851852, "macro_f1": 81.33503933951012}