{"accuracy": 84.69493278179938, "error_rate": 15.30506721820062, "macro_f1": 84.01638558750325}