{"accuracy": 34.93397358943577, "error_rate": 65.06602641056423, "macro_f1": 33.41707337864457}