{"accuracy": 95.48112706007443, "error_rate": 4.518872939925572, "macro_f1": 95.455293335961}