{"accuracy": 86.1427094105481, "error_rate": 13.857290589451907, "macro_f1": 85.43861941962261}