{"accuracy": 81.1356783919598, "error_rate": 18.8643216080402, "macro_f1": 80.93270741155321}