{"accuracy": 80.78703703703704, "error_rate": 19.212962962962962, "macro_f1": 80.62820333816828}