{"accuracy": 90.74509803921569, "error_rate": 9.25490196078431, "macro_f1": 90.72868117815293}