{"accuracy": 97.91073124406458, "error_rate": 2.0892687559354215, "macro_f1": 97.79751354052844}