{"accuracy": 81.21608040201005, "error_rate": 18.78391959798995, "macro_f1": 81.0267134648152}