{"accuracy": 79.62962962962963, "error_rate": 20.370370370370367, "macro_f1": 79.27492877057101}