{"accuracy": 96.01275917065391, "error_rate": 3.987240829346092, "macro_f1": 96.02081867121782}