{"accuracy": 90.84967320261438, "error_rate": 9.150326797385617, "macro_f1": 90.82239612103685}