{"accuracy": 98.25693996126533, "error_rate": 1.7430600387346686, "macro_f1": 96.55988977865061}