{"accuracy": 90.94771241830065, "error_rate": 9.052287581699346, "macro_f1": 90.92411827918939}