{"accuracy": 76.38680659670165, "error_rate": 23.613193403298354, "macro_f1": 75.84036046823879}