{"accuracy": 35.114045618247296, "error_rate": 64.8859543817527, "macro_f1": 33.37054228829116}