{"accuracy": 76.36181909045477, "error_rate": 23.638180909545227, "macro_f1": 75.86999447245361}