{"accuracy": 98.38605551969012, "error_rate": 1.6139444803098826, "macro_f1": 96.97253277690771}