{"accuracy": 36.49459783913566, "error_rate": 63.50540216086434, "macro_f1": 35.078044863308506}