{"accuracy": 95.16666666666667, "error_rate": 4.833333333333329, "macro_f1": 95.21552666062357}