{"accuracy": 98.7088444157521, "error_rate": 1.2911555842479032, "macro_f1": 97.52722272985687}